{
  "transform": [
    240.03595736281088,
    0.0,
    -55568.324129490735,
    0.0,
    -240.03595736281088,
    107896.16283458349
  ],
  "crs": "PROJCS[\"unknown\",GEOGCS[\"unknown\",DATUM[\"unknown\",SPHEROID[\"unknown\",1737400,0]],PRIMEM[\"Reference meridian\",0],UNIT[\"degree\",0.0174532925199433,AUTHORITY[\"EPSG\",\"9122\"]]],PROJECTION[\"Polar_Stereographic\"],PARAMETER[\"latitude_of_origin\",-90],PARAMETER[\"central_meridian\",0],PARAMETER[\"false_easting\",0],PARAMETER[\"false_northing\",0],UNIT[\"metre\",1],AXIS[\"Easting\",NORTH],AXIS[\"Northing\",NORTH]]",
  "shape": [
    145,
    145
  ],
  "res": [
    240.03595736281088,
    -240.03595736281088
  ],
  "padded_bounds": [
    -55400.0,
    73100.0,
    -20600.0,
    107900.0
  ]
}